{
    "$schema": "https://schema.management.azure.com/schemas/2019-04-01/deploymentTemplate.json#",
    "contentVersion": "1.0.0.0",
    "parameters": {
        "adminUsername": {
            "type": "string",
            "metadata": {
                "description": "Username for the Virtual Machine."
            }
        },
        "adminPassword": {
            "type": "securestring",
            "metadata": {
                "description": "Password for the Virtual Machine."
            }
        },
        "dnsLabelPrefix": {
            "type": "string",
            "metadata": {
                "description": "Unique DNS Name for the Public IP used to access the Virtual Machine."
            }
        },
        "windowsOSVersion": {
            "type": "string",
            "defaultValue": "2019-Datacenter",
            "allowedValues": [
                "2008-R2-SP1",
                "2012-Datacenter",
                "2012-R2-Datacenter",
                "2016-Nano-Server",
                "2016-Datacenter-with-Containers",
                "2016-Datacenter",
                "2019-Datacenter"
            ],
            "metadata": {
                "description": "The Windows version for the VM. This will pick a fully patched image of this given Windows version."
            }
        },
        "vmSize": {
            "type": "string",
            "defaultValue": "Standard_D2_v3",
            "metadata": {
                "description": "Size of the virtual machine."
            }
        },
        "location": {
            "type": "string",
            "defaultValue": "[resourceGroup().location]",
            "metadata": {
                "description": "Location for all resources."
            }
        }
    },
    "variables": {
        "storageAccountName": "[concat(uniquestring(resourceGroup().id), 'sawinvm')]",
        "nicName": "myVMNic",
        "addressPrefix": "10.0.0.0/16",
        "subnetName": "Subnet",
        "subnetPrefix": "10.0.0.0/24",
        "publicIPAddressName": "myPublicIP",
        "vmName": "SimpleWinVM",
        "virtualNetworkName": "MyVNET",
        "subnetRef": "[resourceId('Microsoft.Network/virtualNetworks/subnets', variables('virtualNetworkName'), variables('subnetName'))]",
        "networkSecurityGroupName": "default-NSG",
        "managedIdentityName": "[concat(variables('vmName'), 'ManagedIdentity')]"
    },
    "resources": [
        {
            "type": "Microsoft.Storage/storageAccounts",
            "apiVersion": "2019-06-01",
            "name": "[variables('storageAccountName')]",
            "location": "[parameters('location')]",
            "sku": {
                "name": "Standard_LRS"
            },
            "kind": "Storage",
            "properties": {}
        },
        {
            "type": "Microsoft.Network/publicIPAddresses",
            "apiVersion": "2020-06-01",
            "name": "[variables('publicIPAddressName')]",
            "location": "[parameters('location')]",
            "properties": {
                "publicIPAllocationMethod": "Dynamic",
                "dnsSettings": {
                    "domainNameLabel": "[parameters('dnsLabelPrefix')]"
                }
            }
        },
        {
            "comments": "Default Network Security Group for template",
            "type": "Microsoft.Network/networkSecurityGroups",
            "apiVersion": "2019-08-01",
            "name": "[variables('networkSecurityGroupName')]",
            "location": "[parameters('location')]",
            "properties": {
                "securityRules": [
                    {
                        "name": "default-allow-3389",
                        "properties": {
                            "priority": 1000,
                            "access": "Allow",
                            "direction": "Inbound",
                            "destinationPortRange": "3389",
                            "protocol": "Tcp",
                            "sourcePortRange": "*",
                            "sourceAddressPrefix": "*",
                            "destinationAddressPrefix": "*"
                        }
                    }
                ]
            }
        },
        {
            "type": "Microsoft.Network/virtualNetworks",
            "apiVersion": "2020-06-01",
            "name": "[variables('virtualNetworkName')]",
            "location": "[parameters('location')]",
            "dependsOn": [
                "[resourceId('Microsoft.Network/networkSecurityGroups', variables('networkSecurityGroupName'))]"
            ],
            "properties": {
                "addressSpace": {
                    "addressPrefixes": [ "[variables('addressPrefix')]" ]
                },
                "subnets": [
                    {
                        "name": "[variables('subnetName')]",
                        "properties": {
                            "addressPrefix": "[variables('subnetPrefix')]",
                            "networkSecurityGroup": {
                                "id": "[resourceId('Microsoft.Network/networkSecurityGroups', variables('networkSecurityGroupName'))]"
                            }
                        }
                    }
                ]
            }
        },
        {
            "type": "Microsoft.Network/networkInterfaces",
            "apiVersion": "2020-06-01",
            "name": "[variables('nicName')]",
            "location": "[parameters('location')]",
            "dependsOn": [
                "[resourceId('Microsoft.Network/publicIPAddresses/', variables('publicIPAddressName'))]",
                "[resourceId('Microsoft.Network/virtualNetworks/', variables('virtualNetworkName'))]"
            ],
            "properties": {
                "ipConfigurations": [
                    {
                        "name": "ipconfig1",
                        "properties": {
                            "privateIPAllocationMethod": "Dynamic",
                            "publicIPAddress": {
                                "id": "[resourceId('Microsoft.Network/publicIPAddresses',variables('publicIPAddressName'))]"
                            },
                            "subnet": {
                                "id": "[variables('subnetRef')]"
                            }
                        }
                    }
                ]
            }
        },
        {
            "type": "Microsoft.Compute/virtualMachines",
            "apiVersion": "2020-06-01",
            "name": "[variables('vmName')]",
            "location": "[parameters('location')]",
            "identity": {
                "type": "systemAssigned"
            },
            "dependsOn": [
                "[resourceId('Microsoft.Storage/storageAccounts/', variables('storageAccountName'))]",
                "[resourceId('Microsoft.Network/networkInterfaces/', variables('nicName'))]"
            ],
            "properties": {
                "hardwareProfile": {
                    "vmSize": "[parameters('vmSize')]"
                },
                "osProfile": {
                    "computerName": "[variables('vmName')]",
                    "adminUsername": "[parameters('adminUsername')]",
                    "adminPassword": "[parameters('adminPassword')]"
                },
                "storageProfile": {
                    "imageReference": {
                        "publisher": "MicrosoftWindowsServer",
                        "offer": "WindowsServer",
                        "sku": "[parameters('windowsOSVersion')]",
                        "version": "latest"
                    },
                    "osDisk": {
                        "createOption": "FromImage"
                    },
                    "dataDisks": [
                        {
                            "diskSizeGB": 1023,
                            "lun": 0,
                            "createOption": "Empty"
                        }
                    ]
                },
                "networkProfile": {
                    "networkInterfaces": [
                        {
                            "id": "[resourceId('Microsoft.Network/networkInterfaces',variables('nicName'))]"
                        }
                    ]
                },
                "diagnosticsProfile": {
                    "bootDiagnostics": {
                        "enabled": true,
                        "storageUri": "[reference(resourceId('Microsoft.Storage/storageAccounts/', variables('storageAccountName'))).primaryEndpoints.blob]"
                    }
                }
            }
        },
        {
            "apiVersion": "2020-04-01-preview",
            "name": "[guid(resourceGroup().id)]",
            "type": "Microsoft.Authorization/roleAssignments",
            "dependsOn": [
                "[resourceId('Microsoft.Compute/virtualMachines', variables('vmName'))]"
            ],
            "properties": {
                "delegatedManagedIdentityResourceId": "[resourceId('Microsoft.ManagedIdentity/userAssignedIdentities', variables('managedIdentityName'))]",
                "principalId": "[reference(resourceId('Microsoft.ManagedIdentity/userAssignedIdentities', variables('managedIdentityName'))).principalId]",
                "principalType": "ServicePrincipal",
                "roleDefinitionId": "[subscriptionResourceId('Microsoft.Authorization/roleDefinitions', 'acdd72a7-3385-48ef-bd42-f606fba81ae7')]",
                "scope": "[resourceGroup().id]"
            }
        }
    ],
    "outputs": {
        "hostname": {
            "type": "string",
            "value": "[reference(variables('publicIPAddressName')).dnsSettings.fqdn]"
        }
    }
}