{
    "$schema": "https://schema.management.azure.com/schemas/0.1.2-preview/CreateUIDefinition.MultiVm.json#",
    "handler": "Microsoft.Azure.CreateUIDef",
    "version": "0.1.2-preview",
    "parameters": {
      "basics": [
        {
          "name": "dnsPrefix",
          "type": "Microsoft.Common.TextBox",
          "label": "DNS prefix",
          "defaultValue": "",
          "toolTip": "Use only allowed characters",
          "constraints": {
            "required": true,
            "regex": "^[a-zA-Z0-9]|[a-zA-Z0-9][a-zA-Z0-9\\-]*[a-zA-Z0-9]{3, 10}$",
            "validationMessage": "Only alphanumeric characters are allowed, and the value must be 6-30 characters long."
          },
          "visible": true
        }
      ],
      "steps": [],
      "outputs": {
        "dnsLabelPrefix": "[basics('dnsPrefix')]",
        "location": "[location()]"
      }
    }
  }