{
    "IsEncrypted": false,
    "Values": {
        "AzureWebJobsStorage": "<update for local testing>",
        "FUNCTIONS_WORKER_RUNTIME": "dotnet",
        "DIMENSION_CONFIG": "[{\"dimension\":\"firstDimension\", \"quantity\":3}, {\"dimension\":\"secondDimension\", \"quantity\":1000}]",
        "URL_SIGNATURE": "ed490c22-27b3-4b59-bb36-8f98e3186eae",
        "LOCAL_RUN": "true"
    },
    "ConnectionStrings": {
        "CosmosDBConnectionString": "<update for local testing>"
    }
}